,activity_date,registration_date,active_users_count
0,2019-06-01,2019-06-01,1651
1,2019-06-02,2019-06-01,1429
2,2019-06-02,2019-06-02,1933
3,2019-06-03,2019-06-01,1021
4,2019-06-03,2019-06-02,1550
5,2019-06-03,2019-06-03,1432
6,2019-06-04,2019-06-01,849
7,2019-06-04,2019-06-02,1163
8,2019-06-04,2019-06-03,1244
9,2019-06-04,2019-06-04,1473
10,2019-06-05,2019-06-01,694
11,2019-06-05,2019-06-02,989
12,2019-06-05,2019-06-03,871
13,2019-06-05,2019-06-04,1245
14,2019-06-05,2019-06-05,1349
15,2019-06-06,2019-06-01,652
16,2019-06-06,2019-06-02,863
17,2019-06-06,2019-06-03,727
18,2019-06-06,2019-06-04,964
19,2019-06-06,2019-06-05,1221
20,2019-06-06,2019-06-06,1418
21,2019-06-07,2019-06-01,588
22,2019-06-07,2019-06-02,765
23,2019-06-07,2019-06-03,632
24,2019-06-07,2019-06-04,755
25,2019-06-07,2019-06-05,892
26,2019-06-07,2019-06-06,1198
27,2019-06-07,2019-06-07,1180
28,2019-06-08,2019-06-01,545
29,2019-06-08,2019-06-02,688
30,2019-06-08,2019-06-03,516
31,2019-06-08,2019-06-04,619
32,2019-06-08,2019-06-05,689
33,2019-06-08,2019-06-06,816
34,2019-06-08,2019-06-07,938
35,2019-06-08,2019-06-08,1081
36,2019-06-09,2019-06-01,536
37,2019-06-09,2019-06-02,683
38,2019-06-09,2019-06-03,495
39,2019-06-09,2019-06-04,558
40,2019-06-09,2019-06-05,589
41,2019-06-09,2019-06-06,699
42,2019-06-09,2019-06-07,698
43,2019-06-09,2019-06-08,986
44,2019-06-09,2019-06-09,1632
45,2019-06-10,2019-06-01,483
46,2019-06-10,2019-06-02,639
47,2019-06-10,2019-06-03,484
48,2019-06-10,2019-06-04,569
49,2019-06-10,2019-06-05,562
50,2019-06-10,2019-06-06,662
51,2019-06-10,2019-06-07,606
52,2019-06-10,2019-06-08,751
53,2019-06-10,2019-06-09,1443
54,2019-06-10,2019-06-10,1406
55,2019-06-11,2019-06-01,460
56,2019-06-11,2019-06-02,576
57,2019-06-11,2019-06-03,467
58,2019-06-11,2019-06-04,511
59,2019-06-11,2019-06-05,527
60,2019-06-11,2019-06-06,553
61,2019-06-11,2019-06-07,545
62,2019-06-11,2019-06-08,611
63,2019-06-11,2019-06-09,1053
64,2019-06-11,2019-06-10,1220
65,2019-06-11,2019-06-11,1310
66,2019-06-12,2019-06-01,423
67,2019-06-12,2019-06-02,545
68,2019-06-12,2019-06-03,416
69,2019-06-12,2019-06-04,447
70,2019-06-12,2019-06-05,472
71,2019-06-12,2019-06-06,512
72,2019-06-12,2019-06-07,469
73,2019-06-12,2019-06-08,536
74,2019-06-12,2019-06-09,864
75,2019-06-12,2019-06-10,866
76,2019-06-12,2019-06-11,1152
77,2019-06-12,2019-06-12,1403
78,2019-06-13,2019-06-01,400
79,2019-06-13,2019-06-02,477
80,2019-06-13,2019-06-03,394
81,2019-06-13,2019-06-04,412
82,2019-06-13,2019-06-05,433
83,2019-06-13,2019-06-06,460
84,2019-06-13,2019-06-07,413
85,2019-06-13,2019-06-08,467
86,2019-06-13,2019-06-09,744
87,2019-06-13,2019-06-10,756
88,2019-06-13,2019-06-11,862
89,2019-06-13,2019-06-12,1168
90,2019-06-13,2019-06-13,1226
91,2019-06-14,2019-06-01,383
92,2019-06-14,2019-06-02,483
93,2019-06-14,2019-06-03,361
94,2019-06-14,2019-06-04,378
95,2019-06-14,2019-06-05,391
96,2019-06-14,2019-06-06,428
97,2019-06-14,2019-06-07,385
98,2019-06-14,2019-06-08,433
99,2019-06-14,2019-06-09,671
100,2019-06-14,2019-06-10,656
101,2019-06-14,2019-06-11,734
102,2019-06-14,2019-06-12,901
103,2019-06-14,2019-06-13,1088
104,2019-06-14,2019-06-14,1101
105,2019-06-15,2019-06-01,378
106,2019-06-15,2019-06-02,471
107,2019-06-15,2019-06-03,356
108,2019-06-15,2019-06-04,368
109,2019-06-15,2019-06-05,377
110,2019-06-15,2019-06-06,385
111,2019-06-15,2019-06-07,346
112,2019-06-15,2019-06-08,424
113,2019-06-15,2019-06-09,645
114,2019-06-15,2019-06-10,575
115,2019-06-15,2019-06-11,626
116,2019-06-15,2019-06-12,749
117,2019-06-15,2019-06-13,809
118,2019-06-15,2019-06-14,965
119,2019-06-15,2019-06-15,1244
120,2019-06-16,2019-06-01,355
121,2019-06-16,2019-06-02,470
122,2019-06-16,2019-06-03,325
123,2019-06-16,2019-06-04,335
124,2019-06-16,2019-06-05,356
125,2019-06-16,2019-06-06,376
126,2019-06-16,2019-06-07,338
127,2019-06-16,2019-06-08,380
128,2019-06-16,2019-06-09,610
129,2019-06-16,2019-06-10,550
130,2019-06-16,2019-06-11,582
131,2019-06-16,2019-06-12,661
132,2019-06-16,2019-06-13,666
133,2019-06-16,2019-06-14,722
134,2019-06-16,2019-06-15,1112
135,2019-06-16,2019-06-16,1279
136,2019-06-17,2019-06-01,343
137,2019-06-17,2019-06-02,435
138,2019-06-17,2019-06-03,338
139,2019-06-17,2019-06-04,357
140,2019-06-17,2019-06-05,351
141,2019-06-17,2019-06-06,361
142,2019-06-17,2019-06-07,325
143,2019-06-17,2019-06-08,347
144,2019-06-17,2019-06-09,530
145,2019-06-17,2019-06-10,500
146,2019-06-17,2019-06-11,546
147,2019-06-17,2019-06-12,606
148,2019-06-17,2019-06-13,612
149,2019-06-17,2019-06-14,595
150,2019-06-17,2019-06-15,774
151,2019-06-17,2019-06-16,1087
152,2019-06-17,2019-06-17,1007
153,2019-06-18,2019-06-01,322
154,2019-06-18,2019-06-02,426
155,2019-06-18,2019-06-03,322
156,2019-06-18,2019-06-04,336
157,2019-06-18,2019-06-05,344
158,2019-06-18,2019-06-06,352
159,2019-06-18,2019-06-07,299
160,2019-06-18,2019-06-08,330
161,2019-06-18,2019-06-09,507
162,2019-06-18,2019-06-10,473
163,2019-06-18,2019-06-11,497
164,2019-06-18,2019-06-12,544
165,2019-06-18,2019-06-13,539
166,2019-06-18,2019-06-14,517
167,2019-06-18,2019-06-15,669
168,2019-06-18,2019-06-16,825
169,2019-06-18,2019-06-17,901
170,2019-06-18,2019-06-18,1015
171,2019-06-19,2019-06-01,313
172,2019-06-19,2019-06-02,410
173,2019-06-19,2019-06-03,320
174,2019-06-19,2019-06-04,311
175,2019-06-19,2019-06-05,336
176,2019-06-19,2019-06-06,352
177,2019-06-19,2019-06-07,298
178,2019-06-19,2019-06-08,311
179,2019-06-19,2019-06-09,479
180,2019-06-19,2019-06-10,443
181,2019-06-19,2019-06-11,471
182,2019-06-19,2019-06-12,508
183,2019-06-19,2019-06-13,494
184,2019-06-19,2019-06-14,449
185,2019-06-19,2019-06-15,599
186,2019-06-19,2019-06-16,702
187,2019-06-19,2019-06-17,640
188,2019-06-19,2019-06-18,885
189,2019-06-19,2019-06-19,1010
190,2019-06-20,2019-06-01,302
191,2019-06-20,2019-06-02,404
192,2019-06-20,2019-06-03,306
193,2019-06-20,2019-06-04,284
194,2019-06-20,2019-06-05,301
195,2019-06-20,2019-06-06,335
196,2019-06-20,2019-06-07,284
197,2019-06-20,2019-06-08,306
198,2019-06-20,2019-06-09,458
199,2019-06-20,2019-06-10,424
200,2019-06-20,2019-06-11,425
201,2019-06-20,2019-06-12,459
202,2019-06-20,2019-06-13,474
203,2019-06-20,2019-06-14,412
204,2019-06-20,2019-06-15,546
205,2019-06-20,2019-06-16,637
206,2019-06-20,2019-06-17,558
207,2019-06-20,2019-06-18,651
208,2019-06-20,2019-06-19,938
209,2019-06-20,2019-06-20,1027
210,2019-06-21,2019-06-01,312
211,2019-06-21,2019-06-02,395
212,2019-06-21,2019-06-03,281
213,2019-06-21,2019-06-04,272
214,2019-06-21,2019-06-05,300
215,2019-06-21,2019-06-06,310
216,2019-06-21,2019-06-07,288
217,2019-06-21,2019-06-08,295
218,2019-06-21,2019-06-09,442
219,2019-06-21,2019-06-10,394
220,2019-06-21,2019-06-11,397
221,2019-06-21,2019-06-12,434
222,2019-06-21,2019-06-13,415
223,2019-06-21,2019-06-14,387
224,2019-06-21,2019-06-15,492
225,2019-06-21,2019-06-16,547
226,2019-06-21,2019-06-17,461
227,2019-06-21,2019-06-18,557
228,2019-06-21,2019-06-19,698
229,2019-06-21,2019-06-20,922
230,2019-06-21,2019-06-21,892
231,2019-06-22,2019-06-01,292
232,2019-06-22,2019-06-02,372
233,2019-06-22,2019-06-03,281
234,2019-06-22,2019-06-04,274
235,2019-06-22,2019-06-05,281
236,2019-06-22,2019-06-06,284
237,2019-06-22,2019-06-07,267
238,2019-06-22,2019-06-08,274
239,2019-06-22,2019-06-09,443
240,2019-06-22,2019-06-10,383
241,2019-06-22,2019-06-11,375
242,2019-06-22,2019-06-12,406
243,2019-06-22,2019-06-13,380
244,2019-06-22,2019-06-14,377
245,2019-06-22,2019-06-15,493
246,2019-06-22,2019-06-16,531
247,2019-06-22,2019-06-17,427
248,2019-06-22,2019-06-18,463
249,2019-06-22,2019-06-19,547
250,2019-06-22,2019-06-20,675
251,2019-06-22,2019-06-21,814
252,2019-06-22,2019-06-22,995
253,2019-06-23,2019-06-01,296
254,2019-06-23,2019-06-02,384
255,2019-06-23,2019-06-03,281
256,2019-06-23,2019-06-04,265
257,2019-06-23,2019-06-05,276
258,2019-06-23,2019-06-06,281
259,2019-06-23,2019-06-07,257
260,2019-06-23,2019-06-08,268
261,2019-06-23,2019-06-09,436
262,2019-06-23,2019-06-10,368
263,2019-06-23,2019-06-11,370
264,2019-06-23,2019-06-12,383
265,2019-06-23,2019-06-13,364
266,2019-06-23,2019-06-14,332
267,2019-06-23,2019-06-15,464
268,2019-06-23,2019-06-16,489
269,2019-06-23,2019-06-17,391
270,2019-06-23,2019-06-18,428
271,2019-06-23,2019-06-19,506
272,2019-06-23,2019-06-20,562
273,2019-06-23,2019-06-21,593
274,2019-06-23,2019-06-22,854
275,2019-06-23,2019-06-23,1102
276,2019-06-24,2019-06-01,284
277,2019-06-24,2019-06-02,378
278,2019-06-24,2019-06-03,273
279,2019-06-24,2019-06-04,272
280,2019-06-24,2019-06-05,279
281,2019-06-24,2019-06-06,291
282,2019-06-24,2019-06-07,257
283,2019-06-24,2019-06-08,275
284,2019-06-24,2019-06-09,405
285,2019-06-24,2019-06-10,361
286,2019-06-24,2019-06-11,375
287,2019-06-24,2019-06-12,381
288,2019-06-24,2019-06-13,355
289,2019-06-24,2019-06-14,312
290,2019-06-24,2019-06-15,419
291,2019-06-24,2019-06-16,445
292,2019-06-24,2019-06-17,363
293,2019-06-24,2019-06-18,392
294,2019-06-24,2019-06-19,478
295,2019-06-24,2019-06-20,491
296,2019-06-24,2019-06-21,516
297,2019-06-24,2019-06-22,578
298,2019-06-24,2019-06-23,870
299,2019-06-24,2019-06-24,773
300,2019-06-25,2019-06-01,267
301,2019-06-25,2019-06-02,360
302,2019-06-25,2019-06-03,272
303,2019-06-25,2019-06-04,267
304,2019-06-25,2019-06-05,278
305,2019-06-25,2019-06-06,273
306,2019-06-25,2019-06-07,251
307,2019-06-25,2019-06-08,255
308,2019-06-25,2019-06-09,394
309,2019-06-25,2019-06-10,343
310,2019-06-25,2019-06-11,368
311,2019-06-25,2019-06-12,368
312,2019-06-25,2019-06-13,336
313,2019-06-25,2019-06-14,315
314,2019-06-25,2019-06-15,415
315,2019-06-25,2019-06-16,429
316,2019-06-25,2019-06-17,338
317,2019-06-25,2019-06-18,366
318,2019-06-25,2019-06-19,429
319,2019-06-25,2019-06-20,457
320,2019-06-25,2019-06-21,439
321,2019-06-25,2019-06-22,496
322,2019-06-25,2019-06-23,664
323,2019-06-25,2019-06-24,664
324,2019-06-25,2019-06-25,695
325,2019-06-26,2019-06-01,273
326,2019-06-26,2019-06-02,330
327,2019-06-26,2019-06-03,268
328,2019-06-26,2019-06-04,253
329,2019-06-26,2019-06-05,264
330,2019-06-26,2019-06-06,258
331,2019-06-26,2019-06-07,240
332,2019-06-26,2019-06-08,254
333,2019-06-26,2019-06-09,383
334,2019-06-26,2019-06-10,334
335,2019-06-26,2019-06-11,341
336,2019-06-26,2019-06-12,353
337,2019-06-26,2019-06-13,316
338,2019-06-26,2019-06-14,295
339,2019-06-26,2019-06-15,369
340,2019-06-26,2019-06-16,391
341,2019-06-26,2019-06-17,333
342,2019-06-26,2019-06-18,332
343,2019-06-26,2019-06-19,373
344,2019-06-26,2019-06-20,419
345,2019-06-26,2019-06-21,386
346,2019-06-26,2019-06-22,428
347,2019-06-26,2019-06-23,553
348,2019-06-26,2019-06-24,478
349,2019-06-26,2019-06-25,601
350,2019-06-26,2019-06-26,781
351,2019-06-27,2019-06-01,245
352,2019-06-27,2019-06-02,324
353,2019-06-27,2019-06-03,240
354,2019-06-27,2019-06-04,245
355,2019-06-27,2019-06-05,257
356,2019-06-27,2019-06-06,258
357,2019-06-27,2019-06-07,235
358,2019-06-27,2019-06-08,243
359,2019-06-27,2019-06-09,364
360,2019-06-27,2019-06-10,313
361,2019-06-27,2019-06-11,314
362,2019-06-27,2019-06-12,325
363,2019-06-27,2019-06-13,305
364,2019-06-27,2019-06-14,278
365,2019-06-27,2019-06-15,350
366,2019-06-27,2019-06-16,373
367,2019-06-27,2019-06-17,296
368,2019-06-27,2019-06-18,295
369,2019-06-27,2019-06-19,354
370,2019-06-27,2019-06-20,370
371,2019-06-27,2019-06-21,348
372,2019-06-27,2019-06-22,380
373,2019-06-27,2019-06-23,475
374,2019-06-27,2019-06-24,418
375,2019-06-27,2019-06-25,441
376,2019-06-27,2019-06-26,728
377,2019-06-27,2019-06-27,855
378,2019-06-28,2019-06-01,240
379,2019-06-28,2019-06-02,330
380,2019-06-28,2019-06-03,236
381,2019-06-28,2019-06-04,225
382,2019-06-28,2019-06-05,240
383,2019-06-28,2019-06-06,249
384,2019-06-28,2019-06-07,219
385,2019-06-28,2019-06-08,245
386,2019-06-28,2019-06-09,343
387,2019-06-28,2019-06-10,307
388,2019-06-28,2019-06-11,302
389,2019-06-28,2019-06-12,326
390,2019-06-28,2019-06-13,295
391,2019-06-28,2019-06-14,263
392,2019-06-28,2019-06-15,339
393,2019-06-28,2019-06-16,367
394,2019-06-28,2019-06-17,273
395,2019-06-28,2019-06-18,276
396,2019-06-28,2019-06-19,312
397,2019-06-28,2019-06-20,357
398,2019-06-28,2019-06-21,318
399,2019-06-28,2019-06-22,341
400,2019-06-28,2019-06-23,404
401,2019-06-28,2019-06-24,346
402,2019-06-28,2019-06-25,365
403,2019-06-28,2019-06-26,507
404,2019-06-28,2019-06-27,720
405,2019-06-28,2019-06-28,793
406,2019-06-29,2019-06-01,245
407,2019-06-29,2019-06-02,332
408,2019-06-29,2019-06-03,217
409,2019-06-29,2019-06-04,216
410,2019-06-29,2019-06-05,225
411,2019-06-29,2019-06-06,252
412,2019-06-29,2019-06-07,219
413,2019-06-29,2019-06-08,229
414,2019-06-29,2019-06-09,343
415,2019-06-29,2019-06-10,303
416,2019-06-29,2019-06-11,289
417,2019-06-29,2019-06-12,293
418,2019-06-29,2019-06-13,277
419,2019-06-29,2019-06-14,234
420,2019-06-29,2019-06-15,333
421,2019-06-29,2019-06-16,353
422,2019-06-29,2019-06-17,251
423,2019-06-29,2019-06-18,257
424,2019-06-29,2019-06-19,266
425,2019-06-29,2019-06-20,331
426,2019-06-29,2019-06-21,293
427,2019-06-29,2019-06-22,351
428,2019-06-29,2019-06-23,389
429,2019-06-29,2019-06-24,296
430,2019-06-29,2019-06-25,304
431,2019-06-29,2019-06-26,405
432,2019-06-29,2019-06-27,514
433,2019-06-29,2019-06-28,725
434,2019-06-29,2019-06-29,1035
435,2019-06-30,2019-06-01,203
436,2019-06-30,2019-06-02,318
437,2019-06-30,2019-06-03,221
438,2019-06-30,2019-06-04,218
439,2019-06-30,2019-06-05,218
440,2019-06-30,2019-06-06,224
441,2019-06-30,2019-06-07,217
442,2019-06-30,2019-06-08,215
443,2019-06-30,2019-06-09,365
444,2019-06-30,2019-06-10,303
445,2019-06-30,2019-06-11,274
446,2019-06-30,2019-06-12,284
447,2019-06-30,2019-06-13,270
448,2019-06-30,2019-06-14,232
449,2019-06-30,2019-06-15,316
450,2019-06-30,2019-06-16,353
451,2019-06-30,2019-06-17,231
452,2019-06-30,2019-06-18,248
453,2019-06-30,2019-06-19,272
454,2019-06-30,2019-06-20,297
455,2019-06-30,2019-06-21,256
456,2019-06-30,2019-06-22,315
457,2019-06-30,2019-06-23,359
458,2019-06-30,2019-06-24,286
459,2019-06-30,2019-06-25,292
460,2019-06-30,2019-06-26,343
461,2019-06-30,2019-06-27,423
462,2019-06-30,2019-06-28,522
463,2019-06-30,2019-06-29,948
464,2019-06-30,2019-06-30,1225
465,2019-07-01,2019-06-01,140
466,2019-07-01,2019-06-02,235
467,2019-07-01,2019-06-03,218
468,2019-07-01,2019-06-04,215
469,2019-07-01,2019-06-05,218
470,2019-07-01,2019-06-06,221
471,2019-07-01,2019-06-07,217
472,2019-07-01,2019-06-08,217
473,2019-07-01,2019-06-09,335
474,2019-07-01,2019-06-10,283
475,2019-07-01,2019-06-11,268
476,2019-07-01,2019-06-12,285
477,2019-07-01,2019-06-13,255
478,2019-07-01,2019-06-14,223
479,2019-07-01,2019-06-15,303
480,2019-07-01,2019-06-16,332
481,2019-07-01,2019-06-17,217
482,2019-07-01,2019-06-18,231
483,2019-07-01,2019-06-19,274
484,2019-07-01,2019-06-20,282
485,2019-07-01,2019-06-21,271
486,2019-07-01,2019-06-22,274
487,2019-07-01,2019-06-23,327
488,2019-07-01,2019-06-24,256
489,2019-07-01,2019-06-25,268
490,2019-07-01,2019-06-26,327
491,2019-07-01,2019-06-27,360
492,2019-07-01,2019-06-28,451
493,2019-07-01,2019-06-29,702
494,2019-07-01,2019-06-30,1085
495,2019-07-02,2019-06-02,152
496,2019-07-02,2019-06-03,176
497,2019-07-02,2019-06-04,201
498,2019-07-02,2019-06-05,214
499,2019-07-02,2019-06-06,215
500,2019-07-02,2019-06-07,203
501,2019-07-02,2019-06-08,215
502,2019-07-02,2019-06-09,319
503,2019-07-02,2019-06-10,261
504,2019-07-02,2019-06-11,258
505,2019-07-02,2019-06-12,262
506,2019-07-02,2019-06-13,252
507,2019-07-02,2019-06-14,211
508,2019-07-02,2019-06-15,275
509,2019-07-02,2019-06-16,301
510,2019-07-02,2019-06-17,220
511,2019-07-02,2019-06-18,221
512,2019-07-02,2019-06-19,245
513,2019-07-02,2019-06-20,280
514,2019-07-02,2019-06-21,234
515,2019-07-02,2019-06-22,237
516,2019-07-02,2019-06-23,299
517,2019-07-02,2019-06-24,225
518,2019-07-02,2019-06-25,243
519,2019-07-02,2019-06-26,305
520,2019-07-02,2019-06-27,309
521,2019-07-02,2019-06-28,376
522,2019-07-02,2019-06-29,585
523,2019-07-02,2019-06-30,797
524,2019-07-03,2019-06-03,121
525,2019-07-03,2019-06-04,152
526,2019-07-03,2019-06-05,204
527,2019-07-03,2019-06-06,217
528,2019-07-03,2019-06-07,206
529,2019-07-03,2019-06-08,202
530,2019-07-03,2019-06-09,300
531,2019-07-03,2019-06-10,248
532,2019-07-03,2019-06-11,244
533,2019-07-03,2019-06-12,255
534,2019-07-03,2019-06-13,240
535,2019-07-03,2019-06-14,206
536,2019-07-03,2019-06-15,270
537,2019-07-03,2019-06-16,297
538,2019-07-03,2019-06-17,192
539,2019-07-03,2019-06-18,213
540,2019-07-03,2019-06-19,235
541,2019-07-03,2019-06-20,276
542,2019-07-03,2019-06-21,242
543,2019-07-03,2019-06-22,234
544,2019-07-03,2019-06-23,276
545,2019-07-03,2019-06-24,210
546,2019-07-03,2019-06-25,228
547,2019-07-03,2019-06-26,275
548,2019-07-03,2019-06-27,284
549,2019-07-03,2019-06-28,340
550,2019-07-03,2019-06-29,498
551,2019-07-03,2019-06-30,661
552,2019-07-04,2019-06-04,99
553,2019-07-04,2019-06-05,150
554,2019-07-04,2019-06-06,216
555,2019-07-04,2019-06-07,200
556,2019-07-04,2019-06-08,199
557,2019-07-04,2019-06-09,305
558,2019-07-04,2019-06-10,244
559,2019-07-04,2019-06-11,239
560,2019-07-04,2019-06-12,248
561,2019-07-04,2019-06-13,248
562,2019-07-04,2019-06-14,203
563,2019-07-04,2019-06-15,264
564,2019-07-04,2019-06-16,278
565,2019-07-04,2019-06-17,197
566,2019-07-04,2019-06-18,217
567,2019-07-04,2019-06-19,230
568,2019-07-04,2019-06-20,260
569,2019-07-04,2019-06-21,234
570,2019-07-04,2019-06-22,211
571,2019-07-04,2019-06-23,264
572,2019-07-04,2019-06-24,197
573,2019-07-04,2019-06-25,222
574,2019-07-04,2019-06-26,257
575,2019-07-04,2019-06-27,259
576,2019-07-04,2019-06-28,302
577,2019-07-04,2019-06-29,451
578,2019-07-04,2019-06-30,569
579,2019-07-05,2019-06-05,110
580,2019-07-05,2019-06-06,179
581,2019-07-05,2019-06-07,190
582,2019-07-05,2019-06-08,199
583,2019-07-05,2019-06-09,293
584,2019-07-05,2019-06-10,226
585,2019-07-05,2019-06-11,231
586,2019-07-05,2019-06-12,253
587,2019-07-05,2019-06-13,221
588,2019-07-05,2019-06-14,203
589,2019-07-05,2019-06-15,252
590,2019-07-05,2019-06-16,272
591,2019-07-05,2019-06-17,186
592,2019-07-05,2019-06-18,195
593,2019-07-05,2019-06-19,212
594,2019-07-05,2019-06-20,231
595,2019-07-05,2019-06-21,227
596,2019-07-05,2019-06-22,209
597,2019-07-05,2019-06-23,262
598,2019-07-05,2019-06-24,193
599,2019-07-05,2019-06-25,206
600,2019-07-05,2019-06-26,243
601,2019-07-05,2019-06-27,235
602,2019-07-05,2019-06-28,286
603,2019-07-05,2019-06-29,408
604,2019-07-05,2019-06-30,517
605,2019-07-06,2019-06-06,118
606,2019-07-06,2019-06-07,144
607,2019-07-06,2019-06-08,196
608,2019-07-06,2019-06-09,297
609,2019-07-06,2019-06-10,227
610,2019-07-06,2019-06-11,217
611,2019-07-06,2019-06-12,232
612,2019-07-06,2019-06-13,213
613,2019-07-06,2019-06-14,190
614,2019-07-06,2019-06-15,245
615,2019-07-06,2019-06-16,276
616,2019-07-06,2019-06-17,167
617,2019-07-06,2019-06-18,198
618,2019-07-06,2019-06-19,198
619,2019-07-06,2019-06-20,233
620,2019-07-06,2019-06-21,208
621,2019-07-06,2019-06-22,208
622,2019-07-06,2019-06-23,256
623,2019-07-06,2019-06-24,174
624,2019-07-06,2019-06-25,195
625,2019-07-06,2019-06-26,228
626,2019-07-06,2019-06-27,226
627,2019-07-06,2019-06-28,268
628,2019-07-06,2019-06-29,380
629,2019-07-06,2019-06-30,502
630,2019-07-07,2019-06-07,89
631,2019-07-07,2019-06-08,158
632,2019-07-07,2019-06-09,280
633,2019-07-07,2019-06-10,232
634,2019-07-07,2019-06-11,229
635,2019-07-07,2019-06-12,226
636,2019-07-07,2019-06-13,196
637,2019-07-07,2019-06-14,184
638,2019-07-07,2019-06-15,238
639,2019-07-07,2019-06-16,273
640,2019-07-07,2019-06-17,158
641,2019-07-07,2019-06-18,184
642,2019-07-07,2019-06-19,186
643,2019-07-07,2019-06-20,235
644,2019-07-07,2019-06-21,201
645,2019-07-07,2019-06-22,193
646,2019-07-07,2019-06-23,249
647,2019-07-07,2019-06-24,174
648,2019-07-07,2019-06-25,197
649,2019-07-07,2019-06-26,202
650,2019-07-07,2019-06-27,217
651,2019-07-07,2019-06-28,245
652,2019-07-07,2019-06-29,363
653,2019-07-07,2019-06-30,493
654,2019-07-08,2019-06-08,112
655,2019-07-08,2019-06-09,221
656,2019-07-08,2019-06-10,216
657,2019-07-08,2019-06-11,217
658,2019-07-08,2019-06-12,224
659,2019-07-08,2019-06-13,210
660,2019-07-08,2019-06-14,173
661,2019-07-08,2019-06-15,237
662,2019-07-08,2019-06-16,258
663,2019-07-08,2019-06-17,168
664,2019-07-08,2019-06-18,186
665,2019-07-08,2019-06-19,193
666,2019-07-08,2019-06-20,243
667,2019-07-08,2019-06-21,204
668,2019-07-08,2019-06-22,183
669,2019-07-08,2019-06-23,234
670,2019-07-08,2019-06-24,182
671,2019-07-08,2019-06-25,180
672,2019-07-08,2019-06-26,192
673,2019-07-08,2019-06-27,204
674,2019-07-08,2019-06-28,247
675,2019-07-08,2019-06-29,344
676,2019-07-08,2019-06-30,445
677,2019-07-09,2019-06-09,143
678,2019-07-09,2019-06-10,174
679,2019-07-09,2019-06-11,208
680,2019-07-09,2019-06-12,223
681,2019-07-09,2019-06-13,205
682,2019-07-09,2019-06-14,177
683,2019-07-09,2019-06-15,228
684,2019-07-09,2019-06-16,241
685,2019-07-09,2019-06-17,163
686,2019-07-09,2019-06-18,179
687,2019-07-09,2019-06-19,196
688,2019-07-09,2019-06-20,217
689,2019-07-09,2019-06-21,195
690,2019-07-09,2019-06-22,175
691,2019-07-09,2019-06-23,222
692,2019-07-09,2019-06-24,173
693,2019-07-09,2019-06-25,174
694,2019-07-09,2019-06-26,196
695,2019-07-09,2019-06-27,196
696,2019-07-09,2019-06-28,236
697,2019-07-09,2019-06-29,302
698,2019-07-09,2019-06-30,421
699,2019-07-10,2019-06-10,108
700,2019-07-10,2019-06-11,156
701,2019-07-10,2019-06-12,203
702,2019-07-10,2019-06-13,201
703,2019-07-10,2019-06-14,174
704,2019-07-10,2019-06-15,224
705,2019-07-10,2019-06-16,235
706,2019-07-10,2019-06-17,152
707,2019-07-10,2019-06-18,179
708,2019-07-10,2019-06-19,184
709,2019-07-10,2019-06-20,202
710,2019-07-10,2019-06-21,179
711,2019-07-10,2019-06-22,168
712,2019-07-10,2019-06-23,206
713,2019-07-10,2019-06-24,166
714,2019-07-10,2019-06-25,158
715,2019-07-10,2019-06-26,185
716,2019-07-10,2019-06-27,183
717,2019-07-10,2019-06-28,200
718,2019-07-10,2019-06-29,296
719,2019-07-10,2019-06-30,403
720,2019-07-11,2019-06-11,95
721,2019-07-11,2019-06-12,160
722,2019-07-11,2019-06-13,192
723,2019-07-11,2019-06-14,170
724,2019-07-11,2019-06-15,206
725,2019-07-11,2019-06-16,222
726,2019-07-11,2019-06-17,150
727,2019-07-11,2019-06-18,167
728,2019-07-11,2019-06-19,183
729,2019-07-11,2019-06-20,202
730,2019-07-11,2019-06-21,173
731,2019-07-11,2019-06-22,152
732,2019-07-11,2019-06-23,202
733,2019-07-11,2019-06-24,160
734,2019-07-11,2019-06-25,156
735,2019-07-11,2019-06-26,177
736,2019-07-11,2019-06-27,174
737,2019-07-11,2019-06-28,200
738,2019-07-11,2019-06-29,281
739,2019-07-11,2019-06-30,362
740,2019-07-12,2019-06-12,115
741,2019-07-12,2019-06-13,145
742,2019-07-12,2019-06-14,170
743,2019-07-12,2019-06-15,199
744,2019-07-12,2019-06-16,203
745,2019-07-12,2019-06-17,150
746,2019-07-12,2019-06-18,150
747,2019-07-12,2019-06-19,168
748,2019-07-12,2019-06-20,186
749,2019-07-12,2019-06-21,167
750,2019-07-12,2019-06-22,157
751,2019-07-12,2019-06-23,198
752,2019-07-12,2019-06-24,145
753,2019-07-12,2019-06-25,147
754,2019-07-12,2019-06-26,169
755,2019-07-12,2019-06-27,159
756,2019-07-12,2019-06-28,199
757,2019-07-12,2019-06-29,276
758,2019-07-12,2019-06-30,330
759,2019-07-13,2019-06-13,97
760,2019-07-13,2019-06-14,142
761,2019-07-13,2019-06-15,208
762,2019-07-13,2019-06-16,217
763,2019-07-13,2019-06-17,149
764,2019-07-13,2019-06-18,147
765,2019-07-13,2019-06-19,162
766,2019-07-13,2019-06-20,177
767,2019-07-13,2019-06-21,168
768,2019-07-13,2019-06-22,152
769,2019-07-13,2019-06-23,187
770,2019-07-13,2019-06-24,138
771,2019-07-13,2019-06-25,134
772,2019-07-13,2019-06-26,157
773,2019-07-13,2019-06-27,145
774,2019-07-13,2019-06-28,185
775,2019-07-13,2019-06-29,268
776,2019-07-13,2019-06-30,309
777,2019-07-14,2019-06-14,88
778,2019-07-14,2019-06-15,151
779,2019-07-14,2019-06-16,203
780,2019-07-14,2019-06-17,142
781,2019-07-14,2019-06-18,132
782,2019-07-14,2019-06-19,153
783,2019-07-14,2019-06-20,172
784,2019-07-14,2019-06-21,160
785,2019-07-14,2019-06-22,154
786,2019-07-14,2019-06-23,185
787,2019-07-14,2019-06-24,146
788,2019-07-14,2019-06-25,126
789,2019-07-14,2019-06-26,155
790,2019-07-14,2019-06-27,149
791,2019-07-14,2019-06-28,178
792,2019-07-14,2019-06-29,270
793,2019-07-14,2019-06-30,302
794,2019-07-15,2019-06-15,106
795,2019-07-15,2019-06-16,146
796,2019-07-15,2019-06-17,134
797,2019-07-15,2019-06-18,147
798,2019-07-15,2019-06-19,155
799,2019-07-15,2019-06-20,180
800,2019-07-15,2019-06-21,162
801,2019-07-15,2019-06-22,144
802,2019-07-15,2019-06-23,181
803,2019-07-15,2019-06-24,139
804,2019-07-15,2019-06-25,141
805,2019-07-15,2019-06-26,154
806,2019-07-15,2019-06-27,146
807,2019-07-15,2019-06-28,171
808,2019-07-15,2019-06-29,252
809,2019-07-15,2019-06-30,299
810,2019-07-16,2019-06-16,96
811,2019-07-16,2019-06-17,104
812,2019-07-16,2019-06-18,148
813,2019-07-16,2019-06-19,152
814,2019-07-16,2019-06-20,173
815,2019-07-16,2019-06-21,151
816,2019-07-16,2019-06-22,150
817,2019-07-16,2019-06-23,171
818,2019-07-16,2019-06-24,145
819,2019-07-16,2019-06-25,131
820,2019-07-16,2019-06-26,150
821,2019-07-16,2019-06-27,144
822,2019-07-16,2019-06-28,162
823,2019-07-16,2019-06-29,242
824,2019-07-16,2019-06-30,259
825,2019-07-17,2019-06-17,74
826,2019-07-17,2019-06-18,119
827,2019-07-17,2019-06-19,148
828,2019-07-17,2019-06-20,171
829,2019-07-17,2019-06-21,144
830,2019-07-17,2019-06-22,140
831,2019-07-17,2019-06-23,158
832,2019-07-17,2019-06-24,132
833,2019-07-17,2019-06-25,125
834,2019-07-17,2019-06-26,150
835,2019-07-17,2019-06-27,132
836,2019-07-17,2019-06-28,155
837,2019-07-17,2019-06-29,221
838,2019-07-17,2019-06-30,269
839,2019-07-18,2019-06-18,82
840,2019-07-18,2019-06-19,108
841,2019-07-18,2019-06-20,160
842,2019-07-18,2019-06-21,132
843,2019-07-18,2019-06-22,126
844,2019-07-18,2019-06-23,159
845,2019-07-18,2019-06-24,124
846,2019-07-18,2019-06-25,112
847,2019-07-18,2019-06-26,138
848,2019-07-18,2019-06-27,122
849,2019-07-18,2019-06-28,147
850,2019-07-18,2019-06-29,224
851,2019-07-18,2019-06-30,237
852,2019-07-19,2019-06-19,75
853,2019-07-19,2019-06-20,120
854,2019-07-19,2019-06-21,134
855,2019-07-19,2019-06-22,121
856,2019-07-19,2019-06-23,139
857,2019-07-19,2019-06-24,121
858,2019-07-19,2019-06-25,95
859,2019-07-19,2019-06-26,128
860,2019-07-19,2019-06-27,124
861,2019-07-19,2019-06-28,146
862,2019-07-19,2019-06-29,219
863,2019-07-19,2019-06-30,236
864,2019-07-20,2019-06-20,74
865,2019-07-20,2019-06-21,112
866,2019-07-20,2019-06-22,122
867,2019-07-20,2019-06-23,149
868,2019-07-20,2019-06-24,113
869,2019-07-20,2019-06-25,97
870,2019-07-20,2019-06-26,124
871,2019-07-20,2019-06-27,115
872,2019-07-20,2019-06-28,134
873,2019-07-20,2019-06-29,212
874,2019-07-20,2019-06-30,231
875,2019-07-21,2019-06-21,82
876,2019-07-21,2019-06-22,102
877,2019-07-21,2019-06-23,151
878,2019-07-21,2019-06-24,105
879,2019-07-21,2019-06-25,101
880,2019-07-21,2019-06-26,118
881,2019-07-21,2019-06-27,110
882,2019-07-21,2019-06-28,135
883,2019-07-21,2019-06-29,219
884,2019-07-21,2019-06-30,225
885,2019-07-22,2019-06-22,62
886,2019-07-22,2019-06-23,107
887,2019-07-22,2019-06-24,101
888,2019-07-22,2019-06-25,96
889,2019-07-22,2019-06-26,118
890,2019-07-22,2019-06-27,105
891,2019-07-22,2019-06-28,135
892,2019-07-22,2019-06-29,203
893,2019-07-22,2019-06-30,215
894,2019-07-23,2019-06-23,68
895,2019-07-23,2019-06-24,83
896,2019-07-23,2019-06-25,100
897,2019-07-23,2019-06-26,103
898,2019-07-23,2019-06-27,106
899,2019-07-23,2019-06-28,140
900,2019-07-23,2019-06-29,186
901,2019-07-23,2019-06-30,212
902,2019-07-24,2019-06-24,61
903,2019-07-24,2019-06-25,81
904,2019-07-24,2019-06-26,105
905,2019-07-24,2019-06-27,99
906,2019-07-24,2019-06-28,124
907,2019-07-24,2019-06-29,177
908,2019-07-24,2019-06-30,214
909,2019-07-25,2019-06-25,52
910,2019-07-25,2019-06-26,78
911,2019-07-25,2019-06-27,100
912,2019-07-25,2019-06-28,129
913,2019-07-25,2019-06-29,169
914,2019-07-25,2019-06-30,210
915,2019-07-26,2019-06-26,48
916,2019-07-26,2019-06-27,76
917,2019-07-26,2019-06-28,120
918,2019-07-26,2019-06-29,167
919,2019-07-26,2019-06-30,193
920,2019-07-27,2019-06-27,53
921,2019-07-27,2019-06-28,87
922,2019-07-27,2019-06-29,172
923,2019-07-27,2019-06-30,186
924,2019-07-28,2019-06-28,54
925,2019-07-28,2019-06-29,129
926,2019-07-28,2019-06-30,198
927,2019-07-29,2019-06-29,89
928,2019-07-29,2019-06-30,144
929,2019-07-30,2019-06-30,91
