,date,registration_date,users_count_with_revenue,revenue
0,2019-06-01,2019-06-01,1082,1611.86
1,2019-06-02,2019-06-01,928,317.738
2,2019-06-02,2019-06-02,1257,1305.22
3,2019-06-03,2019-06-01,623,192.273
4,2019-06-03,2019-06-02,1008,554.859
5,2019-06-03,2019-06-03,905,1026.91
6,2019-06-04,2019-06-01,585,76.8126
7,2019-06-04,2019-06-02,755,248.208
8,2019-06-04,2019-06-03,802,302.557
9,2019-06-04,2019-06-04,940,839.794
10,2019-06-05,2019-06-01,455,39.3593
11,2019-06-05,2019-06-02,635,125.087
12,2019-06-05,2019-06-03,544,37.955
13,2019-06-05,2019-06-04,811,349.404
14,2019-06-05,2019-06-05,885,915.197
15,2019-06-06,2019-06-01,433,140.806
16,2019-06-06,2019-06-02,584,45.3387
17,2019-06-06,2019-06-03,472,91.9152
18,2019-06-06,2019-06-04,651,150.74
19,2019-06-06,2019-06-05,796,65.9184
20,2019-06-06,2019-06-06,942,1225.62
21,2019-06-07,2019-06-01,388,403.853
22,2019-06-07,2019-06-02,501,163.252
23,2019-06-07,2019-06-03,410,58.821
24,2019-06-07,2019-06-04,486,188.552
25,2019-06-07,2019-06-05,612,467.585
26,2019-06-07,2019-06-06,776,187.146
27,2019-06-07,2019-06-07,792,576.24
28,2019-06-08,2019-06-01,365,176.316
29,2019-06-08,2019-06-02,457,57.6809
30,2019-06-08,2019-06-03,331,225.766
31,2019-06-08,2019-06-04,376,128.577
32,2019-06-08,2019-06-05,466,113.176
33,2019-06-08,2019-06-06,529,241.357
34,2019-06-08,2019-06-07,614,412.637
35,2019-06-08,2019-06-08,700,706.573
36,2019-06-09,2019-06-02,461,193.839
37,2019-06-09,2019-06-03,303,36.9816
38,2019-06-09,2019-06-04,364,174.707
39,2019-06-09,2019-06-05,394,118.168
40,2019-06-09,2019-06-06,455,256.79
41,2019-06-09,2019-06-07,425,193.325
42,2019-06-09,2019-06-08,662,409.657
43,2019-06-09,2019-06-09,1068,1485.38
44,2019-06-10,2019-06-01,328,29.6406
45,2019-06-10,2019-06-02,419,48.8498
46,2019-06-10,2019-06-03,320,27.7548
47,2019-06-10,2019-06-04,360,111.733
48,2019-06-10,2019-06-05,377,2.00198
49,2019-06-10,2019-06-06,417,127.633
50,2019-06-10,2019-06-07,399,116.434
51,2019-06-10,2019-06-08,501,144.41
52,2019-06-10,2019-06-09,909,269.35
53,2019-06-10,2019-06-10,925,1213.09
54,2019-06-11,2019-06-01,289,7.01417
55,2019-06-11,2019-06-02,372,124.28
56,2019-06-11,2019-06-03,293,28.0411
57,2019-06-11,2019-06-04,320,54.961
58,2019-06-11,2019-06-05,349,34.8719
59,2019-06-11,2019-06-06,363,32.7286
60,2019-06-11,2019-06-07,342,99.6906
61,2019-06-11,2019-06-08,418,164.069
62,2019-06-11,2019-06-09,685,218.621
63,2019-06-11,2019-06-10,802,421.705
64,2019-06-11,2019-06-11,856,531.699
65,2019-06-12,2019-06-01,272,58.9596
66,2019-06-12,2019-06-02,347,29.0741
67,2019-06-12,2019-06-03,292,29.1871
68,2019-06-12,2019-06-04,301,89.8903
69,2019-06-12,2019-06-05,301,63.1554
70,2019-06-12,2019-06-06,328,137.428
71,2019-06-12,2019-06-07,299,268.566
72,2019-06-12,2019-06-08,332,148.062
73,2019-06-12,2019-06-09,551,118.62
74,2019-06-12,2019-06-10,553,142.179
75,2019-06-12,2019-06-11,745,499.189
76,2019-06-12,2019-06-12,897,1024.59
77,2019-06-13,2019-06-01,263,21.506
78,2019-06-13,2019-06-02,305,36.4418
79,2019-06-13,2019-06-03,264,9.27438
80,2019-06-13,2019-06-04,268,220.684
81,2019-06-13,2019-06-05,274,51.8387
82,2019-06-13,2019-06-06,296,27.2095
83,2019-06-13,2019-06-07,265,49.2938
84,2019-06-13,2019-06-08,298,156.155
85,2019-06-13,2019-06-09,494,328.3
86,2019-06-13,2019-06-10,466,78.2295
87,2019-06-13,2019-06-11,549,597.668
88,2019-06-13,2019-06-12,762,111.993
89,2019-06-13,2019-06-13,818,781.201
90,2019-06-14,2019-06-01,245,37.0317
91,2019-06-14,2019-06-02,324,16.1246
92,2019-06-14,2019-06-03,227,97.2109
93,2019-06-14,2019-06-04,258,74.045
94,2019-06-14,2019-06-05,255,182.017
95,2019-06-14,2019-06-06,276,16.3217
96,2019-06-14,2019-06-07,248,57.6966
97,2019-06-14,2019-06-08,291,102.171
98,2019-06-14,2019-06-09,451,70.0589
99,2019-06-14,2019-06-10,419,51.8472
100,2019-06-14,2019-06-11,481,316.742
101,2019-06-14,2019-06-12,590,404.523
102,2019-06-14,2019-06-13,713,134.965
103,2019-06-14,2019-06-14,698,791.856
104,2019-06-15,2019-06-01,244,25.7818
105,2019-06-15,2019-06-02,332,215.648
106,2019-06-15,2019-06-03,250,89.6931
107,2019-06-15,2019-06-04,240,86.5341
108,2019-06-15,2019-06-05,244,22.6812
109,2019-06-15,2019-06-06,235,56.1966
110,2019-06-15,2019-06-07,222,24.6686
111,2019-06-15,2019-06-08,260,22.0165
112,2019-06-15,2019-06-09,428,159.232
113,2019-06-15,2019-06-10,371,142.008
114,2019-06-15,2019-06-11,417,50.8404
115,2019-06-15,2019-06-12,471,162.921
116,2019-06-15,2019-06-13,534,90.2412
117,2019-06-15,2019-06-14,631,229.467
118,2019-06-15,2019-06-15,787,1201.96
119,2019-06-16,2019-06-01,231,43.3228
120,2019-06-16,2019-06-02,304,8.84436
121,2019-06-16,2019-06-03,204,38.5997
122,2019-06-16,2019-06-04,215,40.3237
123,2019-06-16,2019-06-05,230,67.2918
124,2019-06-16,2019-06-06,254,230.292
125,2019-06-16,2019-06-07,230,58.985
126,2019-06-16,2019-06-08,234,49.8217
127,2019-06-16,2019-06-09,397,219.999
128,2019-06-16,2019-06-10,370,79.4901
129,2019-06-16,2019-06-11,382,64.1
130,2019-06-16,2019-06-12,434,34.0224
131,2019-06-16,2019-06-13,410,329.629
132,2019-06-16,2019-06-14,456,219.683
133,2019-06-16,2019-06-15,737,236.348
134,2019-06-16,2019-06-16,819,1170.24
135,2019-06-17,2019-06-01,231,5.97948
136,2019-06-17,2019-06-02,263,82.6995
137,2019-06-17,2019-06-03,218,3.31985
138,2019-06-17,2019-06-04,239,21.6056
139,2019-06-17,2019-06-05,225,4.14552
140,2019-06-17,2019-06-06,246,195.792
141,2019-06-17,2019-06-07,209,83.4218
142,2019-06-17,2019-06-08,219,91.7908
143,2019-06-17,2019-06-09,342,44.5161
144,2019-06-17,2019-06-10,330,75.33
145,2019-06-17,2019-06-11,368,176.725
146,2019-06-17,2019-06-12,382,322.308
147,2019-06-17,2019-06-13,419,5.27302
148,2019-06-17,2019-06-14,386,64.1648
149,2019-06-17,2019-06-15,534,162.263
150,2019-06-17,2019-06-16,673,350.245
151,2019-06-17,2019-06-17,665,870.961
152,2019-06-18,2019-06-03,208,95.6385
153,2019-06-18,2019-06-04,223,43.5128
154,2019-06-18,2019-06-05,216,39.8497
155,2019-06-18,2019-06-06,227,9.30475
156,2019-06-18,2019-06-07,192,28.6088
157,2019-06-18,2019-06-08,210,28.514
158,2019-06-18,2019-06-09,315,51.8946
159,2019-06-18,2019-06-10,304,27.3008
160,2019-06-18,2019-06-11,310,25.4627
161,2019-06-18,2019-06-12,350,183.605
162,2019-06-18,2019-06-13,343,24.0849
163,2019-06-18,2019-06-14,332,254.778
164,2019-06-18,2019-06-15,455,238.935
165,2019-06-18,2019-06-16,528,102.267
166,2019-06-18,2019-06-17,585,496.526
167,2019-06-18,2019-06-18,661,847.732
168,2019-06-19,2019-06-01,205,9.63887
169,2019-06-19,2019-06-02,291,15.3825
170,2019-06-19,2019-06-03,206,17.7683
171,2019-06-19,2019-06-04,198,37.8046
172,2019-06-19,2019-06-05,212,95.331
173,2019-06-19,2019-06-06,238,36.6349
174,2019-06-19,2019-06-07,203,73.5909
175,2019-06-19,2019-06-08,206,49.2912
176,2019-06-19,2019-06-09,306,130.644
177,2019-06-19,2019-06-10,266,47.8288
178,2019-06-19,2019-06-11,314,161.649
179,2019-06-19,2019-06-12,323,50.8748
180,2019-06-19,2019-06-13,323,86.9675
181,2019-06-19,2019-06-14,286,255.264
182,2019-06-19,2019-06-15,395,22.9983
183,2019-06-19,2019-06-16,445,87.8072
184,2019-06-19,2019-06-17,418,83.0507
185,2019-06-19,2019-06-18,591,244.629
186,2019-06-19,2019-06-19,686,648.438
187,2019-06-20,2019-06-01,201,13.2052
188,2019-06-20,2019-06-03,192,171.782
189,2019-06-20,2019-06-04,184,66.1302
190,2019-06-20,2019-06-05,199,21.564
191,2019-06-20,2019-06-07,185,21.6083
192,2019-06-20,2019-06-08,185,172.469
193,2019-06-20,2019-06-09,298,25.4742
194,2019-06-20,2019-06-10,278,69.8846
195,2019-06-20,2019-06-11,282,76.4897
196,2019-06-20,2019-06-12,296,31.1808
197,2019-06-20,2019-06-13,299,132.493
198,2019-06-20,2019-06-14,262,9.39132
199,2019-06-20,2019-06-15,390,401.485
200,2019-06-20,2019-06-16,421,44.0609
201,2019-06-20,2019-06-17,368,404.609
202,2019-06-20,2019-06-18,420,158.885
203,2019-06-20,2019-06-19,601,334.324
204,2019-06-20,2019-06-20,654,762.147
205,2019-06-21,2019-06-01,203,16.699
206,2019-06-21,2019-06-02,242,2.25504
207,2019-06-21,2019-06-03,181,5.06896
208,2019-06-21,2019-06-04,167,51.264
209,2019-06-21,2019-06-05,171,34.6172
210,2019-06-21,2019-06-06,201,9.03517
211,2019-06-21,2019-06-07,185,52.6107
212,2019-06-21,2019-06-08,199,5.04882
213,2019-06-21,2019-06-09,276,14.4248
214,2019-06-21,2019-06-10,272,68.0574
215,2019-06-21,2019-06-11,270,29.3716
216,2019-06-21,2019-06-12,283,49.1645
217,2019-06-21,2019-06-13,276,43.6816
218,2019-06-21,2019-06-14,251,46.5624
219,2019-06-21,2019-06-15,321,31.4565
220,2019-06-21,2019-06-16,348,24.3141
221,2019-06-21,2019-06-17,305,194.277
222,2019-06-21,2019-06-18,346,187.052
223,2019-06-21,2019-06-19,452,96.9657
224,2019-06-21,2019-06-20,621,181.552
225,2019-06-21,2019-06-21,589,613.382
226,2019-06-22,2019-06-01,198,17.0059
227,2019-06-22,2019-06-02,230,60.5563
228,2019-06-22,2019-06-04,175,11.0893
229,2019-06-22,2019-06-05,188,52.853
230,2019-06-22,2019-06-06,157,60.058
231,2019-06-22,2019-06-07,173,115.502
232,2019-06-22,2019-06-08,183,108.193
233,2019-06-22,2019-06-09,292,163.877
234,2019-06-22,2019-06-10,256,22.614
235,2019-06-22,2019-06-11,247,79.0675
236,2019-06-22,2019-06-12,249,62.0272
237,2019-06-22,2019-06-13,252,105.634
238,2019-06-22,2019-06-14,246,66.8908
239,2019-06-22,2019-06-15,312,84.9836
240,2019-06-22,2019-06-16,358,113.889
241,2019-06-22,2019-06-17,289,211.572
242,2019-06-22,2019-06-18,318,56.9951
243,2019-06-22,2019-06-19,346,292.793
244,2019-06-22,2019-06-20,426,60.4076
245,2019-06-22,2019-06-21,523,172.153
246,2019-06-22,2019-06-22,614,510.641
247,2019-06-23,2019-06-01,189,145.037
248,2019-06-23,2019-06-02,246,8.64627
249,2019-06-23,2019-06-03,179,17.819
250,2019-06-23,2019-06-04,172,30.0595
251,2019-06-23,2019-06-05,173,64.2808
252,2019-06-23,2019-06-06,188,14.6221
253,2019-06-23,2019-06-07,162,182.309
254,2019-06-23,2019-06-08,172,22.2121
255,2019-06-23,2019-06-09,279,92.4572
256,2019-06-23,2019-06-10,238,43.2932
257,2019-06-23,2019-06-11,240,22.8385
258,2019-06-23,2019-06-12,252,78.8268
259,2019-06-23,2019-06-13,244,52.3373
260,2019-06-23,2019-06-14,234,1.33688
261,2019-06-23,2019-06-15,304,9.61905
262,2019-06-23,2019-06-16,330,26.6412
263,2019-06-23,2019-06-17,251,3.98809
264,2019-06-23,2019-06-18,282,395.582
265,2019-06-23,2019-06-19,330,90.368
266,2019-06-23,2019-06-20,371,150.278
267,2019-06-23,2019-06-21,378,152.674
268,2019-06-23,2019-06-22,545,175.113
269,2019-06-23,2019-06-23,727,638.622
270,2019-06-24,2019-06-01,185,59.6802
271,2019-06-24,2019-06-02,268,8.65662
272,2019-06-24,2019-06-03,178,48.5943
273,2019-06-24,2019-06-04,172,93.8372
274,2019-06-24,2019-06-05,167,47.2174
275,2019-06-24,2019-06-06,186,23.6438
276,2019-06-24,2019-06-07,168,58.0605
277,2019-06-24,2019-06-08,171,55.6132
278,2019-06-24,2019-06-09,264,90.6599
279,2019-06-24,2019-06-10,226,46.6959
280,2019-06-24,2019-06-11,261,37.0098
281,2019-06-24,2019-06-13,218,64.429
282,2019-06-24,2019-06-14,208,22.9865
283,2019-06-24,2019-06-15,252,25.8777
284,2019-06-24,2019-06-16,289,21.0796
285,2019-06-24,2019-06-17,242,311.875
286,2019-06-24,2019-06-18,253,40.5759
287,2019-06-24,2019-06-19,322,21.0528
288,2019-06-24,2019-06-20,305,47.0724
289,2019-06-24,2019-06-21,329,121.903
290,2019-06-24,2019-06-22,377,119.864
291,2019-06-24,2019-06-23,556,101.324
292,2019-06-24,2019-06-24,510,445.865
293,2019-06-25,2019-06-01,174,5.61731
294,2019-06-25,2019-06-02,254,35.3461
295,2019-06-25,2019-06-03,175,13.0968
296,2019-06-25,2019-06-04,161,9.62015
297,2019-06-25,2019-06-05,186,18.9573
298,2019-06-25,2019-06-06,177,38.5826
299,2019-06-25,2019-06-07,162,25.9585
300,2019-06-25,2019-06-09,270,21.1774
301,2019-06-25,2019-06-10,219,14.3639
302,2019-06-25,2019-06-11,236,56.8915
303,2019-06-25,2019-06-12,230,25.1218
304,2019-06-25,2019-06-13,199,27.0847
305,2019-06-25,2019-06-14,207,181.536
306,2019-06-25,2019-06-15,281,11.9241
307,2019-06-25,2019-06-16,293,14.32
308,2019-06-25,2019-06-17,224,21.7542
309,2019-06-25,2019-06-18,245,86.6072
310,2019-06-25,2019-06-19,281,113.062
311,2019-06-25,2019-06-20,295,274.439
312,2019-06-25,2019-06-21,299,8.4235
313,2019-06-25,2019-06-22,324,56.5985
314,2019-06-25,2019-06-23,433,46.7981
315,2019-06-25,2019-06-24,443,84.7792
316,2019-06-25,2019-06-25,464,658.783
317,2019-06-26,2019-06-01,178,11.7734
318,2019-06-26,2019-06-02,217,16.5472
319,2019-06-26,2019-06-03,177,86.5233
320,2019-06-26,2019-06-04,165,55.246
321,2019-06-26,2019-06-05,166,20.378
322,2019-06-26,2019-06-06,158,5.51475
323,2019-06-26,2019-06-07,155,19.6416
324,2019-06-26,2019-06-08,156,131.427
325,2019-06-26,2019-06-09,251,5.60782
326,2019-06-26,2019-06-10,222,5.57728
327,2019-06-26,2019-06-11,215,14.3357
328,2019-06-26,2019-06-12,244,18.92
329,2019-06-26,2019-06-13,211,34.8153
330,2019-06-26,2019-06-14,178,42.3008
331,2019-06-26,2019-06-15,257,39.8272
332,2019-06-26,2019-06-16,262,204.595
333,2019-06-26,2019-06-17,216,1.85476
334,2019-06-26,2019-06-18,226,39.2524
335,2019-06-26,2019-06-19,237,36.0824
336,2019-06-26,2019-06-20,277,316.681
337,2019-06-26,2019-06-21,252,184.961
338,2019-06-26,2019-06-22,278,94.5411
339,2019-06-26,2019-06-23,358,121.107
340,2019-06-26,2019-06-24,302,74.2412
341,2019-06-26,2019-06-25,387,184.764
342,2019-06-26,2019-06-26,508,1184.34
343,2019-06-27,2019-06-01,171,42.0341
344,2019-06-27,2019-06-02,213,260.997
345,2019-06-27,2019-06-03,165,5.02228
346,2019-06-27,2019-06-05,169,10.1177
347,2019-06-27,2019-06-06,168,55.4949
348,2019-06-27,2019-06-10,203,12.2741
349,2019-06-27,2019-06-11,208,139.289
350,2019-06-27,2019-06-12,207,6.14495
351,2019-06-27,2019-06-13,214,12.8379
352,2019-06-27,2019-06-14,186,5.55003
353,2019-06-27,2019-06-15,238,94.0884
354,2019-06-27,2019-06-16,261,34.9978
355,2019-06-27,2019-06-17,192,131.619
356,2019-06-27,2019-06-18,194,144.974
357,2019-06-27,2019-06-19,228,20.0342
358,2019-06-27,2019-06-20,259,32.1514
359,2019-06-27,2019-06-21,234,16.3003
360,2019-06-27,2019-06-22,254,101.001
361,2019-06-27,2019-06-23,310,110.94
362,2019-06-27,2019-06-24,264,4.48346
363,2019-06-27,2019-06-25,279,222.512
364,2019-06-27,2019-06-26,469,376.638
365,2019-06-27,2019-06-27,581,301.568
366,2019-06-28,2019-06-01,154,184.562
367,2019-06-28,2019-06-02,212,21.4774
368,2019-06-28,2019-06-03,158,10.5639
369,2019-06-28,2019-06-04,145,8.02347
370,2019-06-28,2019-06-05,157,15.757
371,2019-06-28,2019-06-06,170,7.96404
372,2019-06-28,2019-06-07,141,28.808
373,2019-06-28,2019-06-09,232,12.4118
374,2019-06-28,2019-06-10,198,56.5841
375,2019-06-28,2019-06-11,216,59.3859
376,2019-06-28,2019-06-12,213,9.50372
377,2019-06-28,2019-06-13,194,33.0202
378,2019-06-28,2019-06-14,173,23.9286
379,2019-06-28,2019-06-15,222,64.5474
380,2019-06-28,2019-06-16,243,55.915
381,2019-06-28,2019-06-17,183,62.5891
382,2019-06-28,2019-06-18,175,50.4395
383,2019-06-28,2019-06-19,199,378.027
384,2019-06-28,2019-06-20,231,120.37
385,2019-06-28,2019-06-21,220,27.7958
386,2019-06-28,2019-06-22,211,14.6719
387,2019-06-28,2019-06-23,261,102.738
388,2019-06-28,2019-06-25,252,44.539
389,2019-06-28,2019-06-26,320,129.767
390,2019-06-28,2019-06-27,437,73.5915
391,2019-06-28,2019-06-28,516,596.684
392,2019-06-29,2019-06-01,167,31.5922
393,2019-06-29,2019-06-02,194,3.93426
394,2019-06-29,2019-06-03,132,11.0699
395,2019-06-29,2019-06-04,135,3.30303
396,2019-06-29,2019-06-05,153,62.7097
397,2019-06-29,2019-06-06,170,27.3507
398,2019-06-29,2019-06-07,147,9.93359
399,2019-06-29,2019-06-08,145,21.368
400,2019-06-29,2019-06-09,223,21.6974
401,2019-06-29,2019-06-10,202,4.98135
402,2019-06-29,2019-06-11,198,32.1137
403,2019-06-29,2019-06-12,188,5.62777
404,2019-06-29,2019-06-13,179,11.8179
405,2019-06-29,2019-06-14,149,9.72501
406,2019-06-29,2019-06-15,223,15.8519
407,2019-06-29,2019-06-16,242,55.227
408,2019-06-29,2019-06-17,155,1.85112
409,2019-06-29,2019-06-18,169,14.5883
410,2019-06-29,2019-06-19,178,41.9332
411,2019-06-29,2019-06-20,230,4.0787
412,2019-06-29,2019-06-21,193,37.3387
413,2019-06-29,2019-06-22,235,134.435
414,2019-06-29,2019-06-23,253,5.58603
415,2019-06-29,2019-06-24,199,68.3252
416,2019-06-29,2019-06-25,197,2.76635
417,2019-06-29,2019-06-26,265,160.13
418,2019-06-29,2019-06-27,334,76.4469
419,2019-06-29,2019-06-28,465,68.7525
420,2019-06-29,2019-06-29,691,850.688
421,2019-06-30,2019-06-01,130,5.57065
422,2019-06-30,2019-06-02,207,17.4873
423,2019-06-30,2019-06-04,144,11.0519
424,2019-06-30,2019-06-05,141,8.8918
425,2019-06-30,2019-06-06,138,4.11577
426,2019-06-30,2019-06-09,250,22.8809
427,2019-06-30,2019-06-10,198,9.33973
428,2019-06-30,2019-06-11,187,17.308
429,2019-06-30,2019-06-12,165,51.0301
430,2019-06-30,2019-06-13,179,22.8314
431,2019-06-30,2019-06-14,153,63.4903
432,2019-06-30,2019-06-15,186,48.6195
433,2019-06-30,2019-06-16,231,80.6904
434,2019-06-30,2019-06-18,142,26.5244
435,2019-06-30,2019-06-19,178,49.9012
436,2019-06-30,2019-06-20,191,148.11
437,2019-06-30,2019-06-21,182,272.757
438,2019-06-30,2019-06-22,185,46.6407
439,2019-06-30,2019-06-23,219,2.98904
440,2019-06-30,2019-06-24,184,155.663
441,2019-06-30,2019-06-25,188,82.3668
442,2019-06-30,2019-06-26,235,27.3165
443,2019-06-30,2019-06-27,277,23.5297
444,2019-06-30,2019-06-28,351,170.21
445,2019-06-30,2019-06-29,595,80.1782
446,2019-06-30,2019-06-30,766,1061.98
447,2019-07-01,2019-06-01,94,56.4348
448,2019-07-01,2019-06-02,155,6.88562
449,2019-07-01,2019-06-05,142,68.3687
450,2019-07-01,2019-06-06,138,33.8986
451,2019-07-01,2019-06-07,139,24.8023
452,2019-07-01,2019-06-08,135,46.4221
453,2019-07-01,2019-06-10,188,12.5826
454,2019-07-01,2019-06-11,178,28.2766
455,2019-07-01,2019-06-12,189,12.4621
456,2019-07-01,2019-06-13,150,80.2561
457,2019-07-01,2019-06-14,148,14.3032
458,2019-07-01,2019-06-15,196,23.7888
459,2019-07-01,2019-06-16,216,40.7071
460,2019-07-01,2019-06-17,142,21.529
461,2019-07-01,2019-06-18,151,34.5504
462,2019-07-01,2019-06-19,194,28.4176
463,2019-07-01,2019-06-20,189,26.619
464,2019-07-01,2019-06-21,185,8.32698
465,2019-07-01,2019-06-22,167,86.049
466,2019-07-01,2019-06-23,214,158.429
467,2019-07-01,2019-06-24,164,9.01412
468,2019-07-01,2019-06-26,209,185.396
469,2019-07-01,2019-06-27,231,141.337
470,2019-07-01,2019-06-28,279,61.7562
471,2019-07-01,2019-06-29,463,53.5735
472,2019-07-01,2019-06-30,720,165.513
473,2019-07-02,2019-06-02,102,90.6479
474,2019-07-02,2019-06-03,115,6.07157
475,2019-07-02,2019-06-04,129,72.3988
476,2019-07-02,2019-06-05,142,28.0495
477,2019-07-02,2019-06-06,137,65.3045
478,2019-07-02,2019-06-07,138,57.6381
479,2019-07-02,2019-06-09,227,9.2168
480,2019-07-02,2019-06-10,166,4.02764
481,2019-07-02,2019-06-11,173,30.692
482,2019-07-02,2019-06-12,175,19.1354
483,2019-07-02,2019-06-13,167,6.21706
484,2019-07-02,2019-06-14,134,90.5649
485,2019-07-02,2019-06-15,180,52.9454
486,2019-07-02,2019-06-16,188,5.45604
487,2019-07-02,2019-06-17,144,21.0754
488,2019-07-02,2019-06-18,130,20.421
489,2019-07-02,2019-06-19,166,4.98764
490,2019-07-02,2019-06-21,154,25.1126
491,2019-07-02,2019-06-22,147,69.6308
492,2019-07-02,2019-06-23,193,70.9905
493,2019-07-02,2019-06-24,135,159.321
494,2019-07-02,2019-06-25,156,6.26175
495,2019-07-02,2019-06-26,191,11.767
496,2019-07-02,2019-06-27,192,92.0331
497,2019-07-02,2019-06-28,256,87.0097
498,2019-07-02,2019-06-29,409,40.387
499,2019-07-02,2019-06-30,528,141.561
500,2019-07-03,2019-06-05,140,74.2173
501,2019-07-03,2019-06-06,150,129.965
502,2019-07-03,2019-06-07,138,7.42378
503,2019-07-03,2019-06-08,128,16.9953
504,2019-07-03,2019-06-09,189,20.3856
505,2019-07-03,2019-06-10,157,19.4602
506,2019-07-03,2019-06-11,170,21.5865
507,2019-07-03,2019-06-12,150,67.884
508,2019-07-03,2019-06-13,161,63.3638
509,2019-07-03,2019-06-14,125,19.9782
510,2019-07-03,2019-06-15,173,28.7816
511,2019-07-03,2019-06-16,201,75.9902
512,2019-07-03,2019-06-17,112,65.155
513,2019-07-03,2019-06-18,132,5.95021
514,2019-07-03,2019-06-19,147,95.3052
515,2019-07-03,2019-06-20,164,26.6121
516,2019-07-03,2019-06-21,161,50.852
517,2019-07-03,2019-06-22,161,129.688
518,2019-07-03,2019-06-23,167,66.5762
519,2019-07-03,2019-06-24,130,97.3493
520,2019-07-03,2019-06-25,145,7.9767
521,2019-07-03,2019-06-26,175,14.4914
522,2019-07-03,2019-06-27,190,5.61353
523,2019-07-03,2019-06-28,216,30.2501
524,2019-07-03,2019-06-29,318,76.3132
525,2019-07-03,2019-06-30,420,5.44813
526,2019-07-04,2019-06-04,68,5.01776
527,2019-07-04,2019-06-05,98,28.9814
528,2019-07-04,2019-06-06,140,22.429
529,2019-07-04,2019-06-07,120,25.0423
530,2019-07-04,2019-06-08,126,28.4429
531,2019-07-04,2019-06-09,208,5.58967
532,2019-07-04,2019-06-11,148,17.8374
533,2019-07-04,2019-06-12,151,6.94487
534,2019-07-04,2019-06-14,131,96.9104
535,2019-07-04,2019-06-15,175,18.1397
536,2019-07-04,2019-06-16,184,4.9663
537,2019-07-04,2019-06-17,127,10.6033
538,2019-07-04,2019-06-19,153,49.4953
539,2019-07-04,2019-06-20,153,5.01315
540,2019-07-04,2019-06-21,143,18.9612
541,2019-07-04,2019-06-22,134,132.264
542,2019-07-04,2019-06-23,150,69.4941
543,2019-07-04,2019-06-24,128,13.5217
544,2019-07-04,2019-06-25,144,38.521
545,2019-07-04,2019-06-26,168,58.5275
546,2019-07-04,2019-06-27,172,14.5433
547,2019-07-04,2019-06-28,179,18.4205
548,2019-07-04,2019-06-29,295,56.4457
549,2019-07-04,2019-06-30,364,91.2777
550,2019-07-05,2019-06-05,66,27.1618
551,2019-07-05,2019-06-06,122,18.2332
552,2019-07-05,2019-06-07,125,219.777
553,2019-07-05,2019-06-08,118,29.1743
554,2019-07-05,2019-06-09,190,12.0185
555,2019-07-05,2019-06-10,143,27.5583
556,2019-07-05,2019-06-11,149,21.9187
557,2019-07-05,2019-06-12,162,37.219
558,2019-07-05,2019-06-13,155,1.81453
559,2019-07-05,2019-06-14,126,27.5126
560,2019-07-05,2019-06-15,146,5.60989
561,2019-07-05,2019-06-17,123,19.4332
562,2019-07-05,2019-06-19,133,36.7171
563,2019-07-05,2019-06-20,144,11.1844
564,2019-07-05,2019-06-21,134,10.9849
565,2019-07-05,2019-06-22,135,44.1773
566,2019-07-05,2019-06-23,164,11.1037
567,2019-07-05,2019-06-24,132,120.22
568,2019-07-05,2019-06-25,141,91.0484
569,2019-07-05,2019-06-26,166,34.84
570,2019-07-05,2019-06-27,156,16.1561
571,2019-07-05,2019-06-28,187,16.9852
572,2019-07-05,2019-06-29,272,34.4156
573,2019-07-05,2019-06-30,332,35.0173
574,2019-07-06,2019-06-07,101,10.9323
575,2019-07-06,2019-06-09,187,54.4887
576,2019-07-06,2019-06-10,154,13.3933
577,2019-07-06,2019-06-11,142,17.7737
578,2019-07-06,2019-06-12,147,64.3093
579,2019-07-06,2019-06-15,164,60.6193
580,2019-07-06,2019-06-16,176,5.63437
581,2019-07-06,2019-06-17,108,6.06107
582,2019-07-06,2019-06-19,129,57.6558
583,2019-07-06,2019-06-20,144,2.5123
584,2019-07-06,2019-06-21,132,58.3314
585,2019-07-06,2019-06-22,123,5.00095
586,2019-07-06,2019-06-23,153,200.811
587,2019-07-06,2019-06-24,108,21.4034
588,2019-07-06,2019-06-25,129,110.548
589,2019-07-06,2019-06-26,149,17.7703
590,2019-07-06,2019-06-27,143,3.32828
591,2019-07-06,2019-06-28,181,59.1356
592,2019-07-06,2019-06-29,252,28.7253
593,2019-07-06,2019-06-30,332,5.01728
594,2019-07-07,2019-06-07,60,6.04248
595,2019-07-07,2019-06-08,106,124.527
596,2019-07-07,2019-06-10,162,10.2011
597,2019-07-07,2019-06-11,157,13.1313
598,2019-07-07,2019-06-12,141,10.8662
599,2019-07-07,2019-06-13,129,10.3476
600,2019-07-07,2019-06-14,116,61.6256
601,2019-07-07,2019-06-16,175,14.0396
602,2019-07-07,2019-06-17,98,23.8545
603,2019-07-07,2019-06-18,124,5.60037
604,2019-07-07,2019-06-19,124,5.60888
605,2019-07-07,2019-06-20,148,5.57277
606,2019-07-07,2019-06-22,120,3.87865
607,2019-07-07,2019-06-23,155,17.3323
608,2019-07-07,2019-06-24,114,45.538
609,2019-07-07,2019-06-25,130,20.4371
610,2019-07-07,2019-06-26,125,46.1738
611,2019-07-07,2019-06-27,147,296.07
612,2019-07-07,2019-06-28,153,18.6013
613,2019-07-07,2019-06-29,235,6.56307
614,2019-07-07,2019-06-30,325,37.0157
615,2019-07-08,2019-06-08,73,8.81132
616,2019-07-08,2019-06-09,135,3.59403
617,2019-07-08,2019-06-11,133,11.1844
618,2019-07-08,2019-06-12,136,9.45034
619,2019-07-08,2019-06-13,138,7.93894
620,2019-07-08,2019-06-14,113,12.4267
621,2019-07-08,2019-06-15,149,12.0992
622,2019-07-08,2019-06-16,167,3.3363
623,2019-07-08,2019-06-17,107,10.5554
624,2019-07-08,2019-06-18,121,3.36082
625,2019-07-08,2019-06-19,126,5.5825
626,2019-07-08,2019-06-20,154,15.9859
627,2019-07-08,2019-06-21,132,0.560212
628,2019-07-08,2019-06-22,112,3.25364
629,2019-07-08,2019-06-23,154,4.26277
630,2019-07-08,2019-06-24,120,156.224
631,2019-07-08,2019-06-25,117,72.2625
632,2019-07-08,2019-06-26,125,194.803
633,2019-07-08,2019-06-27,138,22.7817
634,2019-07-08,2019-06-28,171,52.9319
635,2019-07-08,2019-06-30,281,5.41286
636,2019-07-09,2019-06-10,114,5.59736
637,2019-07-09,2019-06-11,137,7.70684
638,2019-07-09,2019-06-12,137,5.06722
639,2019-07-09,2019-06-13,132,11.4583
640,2019-07-09,2019-06-14,115,87.9248
641,2019-07-09,2019-06-15,135,33.5508
642,2019-07-09,2019-06-16,152,4.29191
643,2019-07-09,2019-06-17,108,11.473
644,2019-07-09,2019-06-18,105,14.2024
645,2019-07-09,2019-06-19,123,27.6979
646,2019-07-09,2019-06-20,144,9.93094
647,2019-07-09,2019-06-21,133,22.4148
648,2019-07-09,2019-06-22,101,34.5063
649,2019-07-09,2019-06-23,138,30.275
650,2019-07-09,2019-06-24,112,76.0208
651,2019-07-09,2019-06-25,118,26.2838
652,2019-07-09,2019-06-27,128,99.1865
653,2019-07-09,2019-06-29,199,115.796
654,2019-07-09,2019-06-30,294,11.2118
655,2019-07-10,2019-06-10,72,22.1925
656,2019-07-10,2019-06-11,100,3.332
657,2019-07-10,2019-06-13,128,6.14614
658,2019-07-10,2019-06-15,127,17.4842
659,2019-07-10,2019-06-16,151,15.3184
660,2019-07-10,2019-06-17,93,67.0911
661,2019-07-10,2019-06-18,118,25.5599
662,2019-07-10,2019-06-21,125,68.6247
663,2019-07-10,2019-06-22,116,0.614655
664,2019-07-10,2019-06-23,129,12.635
665,2019-07-10,2019-06-25,108,51.3538
666,2019-07-10,2019-06-26,124,22.3957
667,2019-07-10,2019-06-28,120,129.747
668,2019-07-10,2019-06-29,200,49.406
669,2019-07-11,2019-06-11,63,4.01273
670,2019-07-11,2019-06-12,96,60.2703
671,2019-07-11,2019-06-13,129,39.0646
672,2019-07-11,2019-06-14,105,14.2736
673,2019-07-11,2019-06-15,151,25.0435
674,2019-07-11,2019-06-16,149,51.0659
675,2019-07-11,2019-06-17,95,19.6866
676,2019-07-11,2019-06-18,106,6.78552
677,2019-07-11,2019-06-19,116,2.02575
678,2019-07-11,2019-06-21,107,3.69925
679,2019-07-11,2019-06-23,136,55.9717
680,2019-07-11,2019-06-24,105,14.3363
681,2019-07-11,2019-06-25,112,6.07191
682,2019-07-11,2019-06-27,120,5.06923
683,2019-07-11,2019-06-28,126,53.6182
684,2019-07-11,2019-06-29,185,48.1724
685,2019-07-11,2019-06-30,241,2.26256
686,2019-07-12,2019-06-12,75,48.7593
687,2019-07-12,2019-06-13,91,35.9158
688,2019-07-12,2019-06-14,114,2.06795
689,2019-07-12,2019-06-15,125,4.95647
690,2019-07-12,2019-06-16,128,20.8489
691,2019-07-12,2019-06-18,92,21.5594
692,2019-07-12,2019-06-19,105,36.4723
693,2019-07-12,2019-06-20,111,22.2209
694,2019-07-12,2019-06-21,117,10.8366
695,2019-07-12,2019-06-22,111,58.6532
696,2019-07-12,2019-06-24,91,13.4637
697,2019-07-12,2019-06-25,91,34.5503
698,2019-07-12,2019-06-26,109,213.253
699,2019-07-12,2019-06-27,109,44.5665
700,2019-07-12,2019-06-28,131,85.982
701,2019-07-12,2019-06-29,186,49.0239
702,2019-07-12,2019-06-30,207,161.428
703,2019-07-13,2019-06-13,60,14.2177
704,2019-07-13,2019-06-14,87,11.3538
705,2019-07-13,2019-06-16,133,15.5462
706,2019-07-13,2019-06-18,101,5.17256
707,2019-07-13,2019-06-21,111,134.426
708,2019-07-13,2019-06-22,104,4.09933
709,2019-07-13,2019-06-23,120,11.9394
710,2019-07-13,2019-06-24,76,5.43126
711,2019-07-13,2019-06-26,94,66.9491
712,2019-07-13,2019-06-27,96,33.3556
713,2019-07-13,2019-06-28,116,83.4256
714,2019-07-13,2019-06-29,174,2.05597
715,2019-07-13,2019-06-30,206,38.4976
716,2019-07-14,2019-06-14,51,29.3588
717,2019-07-14,2019-06-15,110,21.8641
718,2019-07-14,2019-06-16,141,11.0283
719,2019-07-14,2019-06-17,90,22.8312
720,2019-07-14,2019-06-18,93,25.3025
721,2019-07-14,2019-06-19,95,10.6984
722,2019-07-14,2019-06-20,99,34.9014
723,2019-07-14,2019-06-21,112,30.4816
724,2019-07-14,2019-06-22,100,29.0598
725,2019-07-14,2019-06-23,116,16.6598
726,2019-07-14,2019-06-24,101,15.5185
727,2019-07-14,2019-06-25,100,12.2994
728,2019-07-14,2019-06-27,99,119.354
729,2019-07-14,2019-06-28,114,68.8445
730,2019-07-14,2019-06-29,170,18.9476
731,2019-07-14,2019-06-30,196,18.5362
732,2019-07-15,2019-06-15,66,9.96617
733,2019-07-15,2019-06-17,96,21.8536
734,2019-07-15,2019-06-19,112,13.2368
735,2019-07-15,2019-06-21,103,11.0056
736,2019-07-15,2019-06-22,90,19.9414
737,2019-07-15,2019-06-23,123,4.98594
738,2019-07-15,2019-06-24,95,10.2429
739,2019-07-15,2019-06-25,97,46.0751
740,2019-07-15,2019-06-26,89,31.2912
741,2019-07-15,2019-06-27,94,5.42807
742,2019-07-15,2019-06-28,116,12.1342
743,2019-07-15,2019-06-29,152,41.003
744,2019-07-15,2019-06-30,170,19.4733
745,2019-07-16,2019-06-17,79,8.54089
746,2019-07-16,2019-06-18,96,2.02683
747,2019-07-16,2019-06-19,88,19.3868
748,2019-07-16,2019-06-21,94,21.5662
749,2019-07-16,2019-06-22,97,20.7869
750,2019-07-16,2019-06-24,91,10.0379
751,2019-07-16,2019-06-25,78,38.3902
752,2019-07-16,2019-06-26,97,72.4482
753,2019-07-16,2019-06-27,92,150.522
754,2019-07-16,2019-06-28,102,64.8836
755,2019-07-16,2019-06-29,173,148.144
756,2019-07-16,2019-06-30,158,92.0207
757,2019-07-17,2019-06-17,51,5.21595
758,2019-07-17,2019-06-19,96,33.9657
759,2019-07-17,2019-06-20,113,6.07838
760,2019-07-17,2019-06-23,100,19.944
761,2019-07-17,2019-06-25,84,3.4348
762,2019-07-17,2019-06-26,102,7.51592
763,2019-07-17,2019-06-27,88,6.64274
764,2019-07-17,2019-06-28,112,5.87054
765,2019-07-17,2019-06-29,138,26.7584
766,2019-07-17,2019-06-30,179,11.215
767,2019-07-18,2019-06-20,104,11.336
768,2019-07-18,2019-06-21,85,33.2312
769,2019-07-18,2019-06-22,88,25.166
770,2019-07-18,2019-06-23,102,41.94
771,2019-07-18,2019-06-25,70,6.17613
772,2019-07-18,2019-06-26,84,35.0938
773,2019-07-18,2019-06-28,95,32.327
774,2019-07-18,2019-06-29,146,36.8883
775,2019-07-18,2019-06-30,156,98.7189
776,2019-07-19,2019-06-19,47,3.96747
777,2019-07-19,2019-06-20,78,26.8593
778,2019-07-19,2019-06-21,80,18.0286
779,2019-07-19,2019-06-23,97,69.6325
780,2019-07-19,2019-06-24,75,5.0111
781,2019-07-19,2019-06-26,90,25.2869
782,2019-07-19,2019-06-28,95,5.50851
783,2019-07-19,2019-06-29,128,128.585
784,2019-07-20,2019-06-20,43,15.6896
785,2019-07-20,2019-06-21,76,9.61494
786,2019-07-20,2019-06-22,79,30.2441
787,2019-07-20,2019-06-23,90,4.58644
788,2019-07-20,2019-06-24,81,10.1701
789,2019-07-20,2019-06-25,59,6.15853
790,2019-07-20,2019-06-26,74,72.3851
791,2019-07-20,2019-06-27,71,3.98663
792,2019-07-20,2019-06-28,98,27.3899
793,2019-07-20,2019-06-30,151,68.4471
794,2019-07-21,2019-06-21,50,11.4551
795,2019-07-21,2019-06-22,70,19.9429
796,2019-07-21,2019-06-23,104,29.7158
797,2019-07-21,2019-06-24,72,3.36881
798,2019-07-21,2019-06-25,68,5.47251
799,2019-07-21,2019-06-26,85,56.6254
800,2019-07-21,2019-06-28,75,101.378
801,2019-07-21,2019-06-30,142,72.0271
802,2019-07-22,2019-06-23,69,54.9759
803,2019-07-22,2019-06-24,65,12.3789
804,2019-07-22,2019-06-26,89,6.77016
805,2019-07-22,2019-06-27,61,30.3302
806,2019-07-22,2019-06-29,140,104.775
807,2019-07-22,2019-06-30,154,5.56072
808,2019-07-23,2019-06-23,43,62.3252
809,2019-07-23,2019-06-24,53,16.4999
810,2019-07-23,2019-06-25,64,3.0257
811,2019-07-23,2019-06-26,71,122.143
812,2019-07-23,2019-06-27,59,5.42618
813,2019-07-23,2019-06-28,97,70.8671
814,2019-07-24,2019-06-24,41,20.6041
815,2019-07-24,2019-06-25,50,5.68407
816,2019-07-24,2019-06-28,86,45.3755
817,2019-07-24,2019-06-29,115,21.3704
818,2019-07-24,2019-06-30,142,5.60661
819,2019-07-25,2019-06-26,50,25.3746
820,2019-07-25,2019-06-29,113,2.7584
821,2019-07-25,2019-06-30,132,2.98796
822,2019-07-26,2019-06-26,32,5.57738
823,2019-07-26,2019-06-27,53,3.72713
824,2019-07-26,2019-06-28,87,5.58229
825,2019-07-26,2019-06-29,87,122.877
826,2019-07-26,2019-06-30,118,5.43194
827,2019-07-27,2019-06-28,60,27.5331
828,2019-07-28,2019-06-28,38,8.5485
829,2019-07-28,2019-06-29,86,29.0572
830,2019-07-29,2019-06-29,62,5.45989
831,2019-07-29,2019-06-30,100,10.054
832,2019-07-30,2019-06-30,63,11.505
